hashtag	num_langs	de_count	en_count	es_count	pt_count	tr_count	pl_count
AynıGemideDeğiliz	2	2	0	0	0	10252	0
adana	2	36	0	0	0	7160	0
ElçinSangu	2	3	0	0	0	3108	0
SoundCloud	2	361	0	0	0	2486	0
Survivor	2	28	0	0	0	1016	0
MTVBRKPOPBTS	4	4	0	1620	152	4328	0
SONDAKİKA	2	4	0	0	0	891	0
IDOL	2	5	0	0	0	2140	0
ankara	2	38	0	0	0	14458	0
senanlatkaradeniz	2	134	0	0	0	38655	0
IVoteBTSBBMAs	2	2	0	0	0	3672	0
ÖnceMilletÖnceMemleket	2	12	0	0	0	1552	0
iHeartAwards	4	26	0	9744	410	4794	0
Ankara	2	14	0	0	0	1435	0
ESC2018	2	2407	0	0	0	26	0
SafiyeinciTutuklansın	2	6	0	0	0	1334	0
sakarya	2	5	0	0	0	5442	0
Repost	4	72	0	9154	28	2900	0
söz	2	24	0	0	0	34498	0
Merkel	2	3264	0	0	0	13	0
UlaşTunaAstepe	2	2	0	0	0	2976	0
ARMY	4	4	0	2105	73	2641	0
iyigeceler	2	12	0	0	0	13050	0
Galatasaray	2	124	0	0	0	2437	0
MTVBRKPOPEXO	2	2	0	0	0	1340	0
cumartesi	2	34	0	0	0	27829	0
BTS	3	43	0	0	556	27088	0
Çarşamba	2	2	0	0	0	2732	0
usdtry	2	60	0	0	0	5478	0
eyt	2	5	0	0	0	16776	0
TwitterYıldönümüm	2	6	0	0	0	3534	0
seks	2	6	0	0	0	13885	0
BeşiktaşınMaçıVar	2	34	0	0	0	3522	0
fenerinmacivar	2	30	0	0	0	5478	0
NSU	2	1182	0	0	0	12	0
Berlin	2	2453	0	0	0	52	0
ProtestoEdiyorum	2	1	0	0	0	1734	0
BestFanArmy	4	8	0	2126	110	4140	0
NefTah	2	16	0	0	0	1917	0
29Ekim1923	2	2	0	0	0	1156	0
GERSWE	2	1706	0	0	0	31	0
AlpNavruz	2	8	0	0	0	1337	0
Fenerbahce	2	14	0	0	0	1161	0
PremiosMTVMIAW	2	2	0	0	0	1464	0
fenerbahçe	2	136	0	0	0	16071	0
TearItUpBTS	2	8	0	0	0	7558	0
29Ekim	2	3	0	0	0	2470	0
günaydın	2	50	0	0	0	19552	0
istanbul	2	105	0	0	0	11934	0
Çukur	2	14	0	0	0	1102	0
KCAMexico	4	362	0	7006	67	1256	0
MuhsinYazıcıoğlu	2	3	0	0	0	1816	0
gay	2	55	0	0	0	5448	0
DHDL	2	1910	0	0	0	5	0
YürüÖnümüzde	2	3	0	0	0	1948	0
Konya	2	1	0	0	0	1746	0
Twitter	4	3944	0	4092	14	152	0
Börü	2	2	0	0	0	2004	0
Halka	2	7	0	0	0	2380	0
survivor2018	2	242	0	0	0	63441	0
23NisanKutluOlsun	2	4	0	0	0	1040	0
UfakTefekCinayetler	2	13	0	0	0	4632	0
gazetesozcu	2	162	0	0	0	15435	0
EURO2024	2	23	0	0	0	2042	0
YeniProfilResmi	2	4	0	0	0	3033	0
faladdin	2	6	0	0	0	5175	0
ChoiceInternationalArtist	2	1	0	0	0	2436	0
BebekKatiliPkk	2	6	0	0	0	1028	0
np	5	7697	0	3642	6366	23246	286
YağHaz	2	4	0	0	0	3151	0
Seçim2018	2	68	0	0	0	3761	0
KCAArgentina	2	2	0	0	0	2062	0
nowplaying	5	41665	0	33200	560	9029	334
Chemnitz	2	1868	0	0	0	3	0
tbt	2	190	0	0	0	8646	0
Günaydın	2	5	0	0	0	4832	0
SeçkinÖzdemir	2	1	0	0	0	1706	0
SiyahBeyazAşk	2	13	0	0	0	8202	0
Pazartesi	2	8	0	0	0	2771	0
AhmetKaya	2	2	0	0	0	2096	0
PanteneAltınKelebek	2	10	0	0	0	1197	0
MustafaKemalAtatürk	2	3	0	0	0	1868	0
Kazanacağız	2	4	0	0	0	2050	0
edho	2	24	0	0	0	10305	0
ElimiBırakma	2	2	0	0	0	1717	0
Nakba70	2	8	0	0	0	1860	0
AliKocBaskan	2	18	0	0	0	1461	0
hilmur	2	18	0	0	0	21219	0
SenDePatile	2	1	0	0	0	3928	0
TekTipAskerlik	2	2	0	0	0	3036	0
BoranKuzum	2	1	0	0	0	2658	0
teknefes	2	5	0	0	0	5112	0
antalya	2	42	0	0	0	8390	0
Seehofer	2	1457	0	0	0	6	0
TamZamaniAliKoc	2	14	0	0	0	1633	0
ff	5	3305	0	5822	28	2450	3266
SaldırGALATASARAY	2	29	0	0	0	8068	0
Beşiktaş	2	27	0	0	0	4150	0
8MartDünyaKadınlarGünü	2	4	0	0	0	2083	0
NowPlaying	4	902	0	16600	280	2176	0
sex	2	36	0	0	0	9855	0
Pazar	2	10	0	0	0	1561	0
Türkiye	2	39	0	0	0	2338	0
30Ağustos	2	2	0	0	0	1816	0
MutluYıllar	2	3	0	0	0	4786	0
çukur	2	118	0	0	0	27622	0
bursa	2	28	0	0	0	8927	0
15Temmuz	2	8	0	0	0	1942	0
Hemnefes	2	1	0	0	0	2032	0
KorayŞener	2	3	0	0	0	1994	0
seo	3	5304	0	0	0	84	7
Söz	2	6	0	0	0	5657	0
porno	2	12	0	0	0	13910	0
AfD	2	5354	0	0	0	4	0
HayırlıCumalar	2	16	0	0	0	6076	0
Tatort	2	3294	0	0	0	3	0
KılıçdaroğluNeSöyledi	2	12	0	0	0	1114	0
BTSARMY	4	6	0	5336	400	17218	0
KPSS	2	1	0	0	0	4326	0
NP	2	789	0	0	0	198	0
sporgecesi360	2	60	0	0	0	5256	0
BirceAkalay	2	2	0	0	0	1868	0
Survivor2018	2	70	0	0	0	8354	0
Fenerbahçe	2	62	0	0	0	2809	0
dolar	2	20	0	0	0	6288	0
SenAnlatKaradeniz	2	52	0	0	0	8385	0
EXO	4	4	0	5512	63	6222	0
salı	2	24	0	0	0	15060	0
WM2018	2	4914	0	0	0	21	0
MAMAVOTE	2	9	0	0	0	1890	0
AsFer	2	2	0	0	0	2506	0
İzmir	2	4	0	0	0	2594	0
Unutmayacağız	2	2	0	0	0	923	0
kadın	2	42	0	0	0	15264	0
PremiosMTVMiaw	4	8	0	3968	174	19066	0
Avlu	2	12	0	0	0	1091	0
BuMamaBenden	2	36	0	0	0	15078	0
Hamburg	2	1254	0	0	0	2	0
Sondakika	2	308	0	0	0	1296	0
Secim2018	2	7	0	0	0	1708	0
ibes	3	32644	0	0	0	64	32
HayvanaSiddetSuctur	2	1	0	0	0	2704	0
BedelliAskerlik	2	8	0	0	0	4263	0
bedelliaskerlik	2	246	0	0	0	24888	0
porn	2	6	0	0	0	4935	0
ErkenciKuş	2	9	0	0	0	2194	0
EmeklilikteYaşaTakılanlar	2	2	0	0	0	24946	0
Maltepe	2	10	0	0	0	1381	0
Cumartesi	2	4	0	0	0	8982	0
erotik	2	42	0	0	0	4270	0
10Kasım	2	2	0	0	0	2307	0
pazar	2	55	0	0	0	38782	0
WorldCup	4	263	0	2069	590	3984	0
BVB	2	964	0	0	0	16	0
Trump	2	1548	0	0	0	172	0
NewEraWithErdogan	2	6	0	0	0	877	0
izmir	2	12	0	0	0	18450	0
picemiyeti	2	25	0	0	0	46620	0
DirilişErtuğrul	2	10	0	0	0	914	0
NeşetErtaş	2	12	0	0	0	1247	0
bist100	2	5	0	0	0	6330	0
SonSayfa	2	13	0	0	0	3412	0
FenerinMaçıVar	2	22	0	0	0	3791	0
kimbufaladdin	2	5	0	0	0	5772	0
BugünGünlerdenGALATASARAY	2	44	0	0	0	3640	0
Antalya	2	3	0	0	0	1930	0
GER	2	1507	0	0	0	568	0
deprem	2	10	0	0	0	6462	0
IBES	2	4008	0	0	0	6	0
Bursa	2	1	0	0	0	2166	0
çarpışma	2	80	0	0	0	12174	0
AhBuSevdaluk	2	4	0	0	0	942	0
Yunanistan	2	6	0	0	0	1714	0
Donuyoruz	2	2	0	0	0	1940	0
PCAs	2	3	0	0	0	3376	0
pazartesi	2	52	0	0	0	37199	0
DEVAM	2	85	0	0	0	1624	0
incenerede	2	15	0	0	0	6150	0
survivor	2	68	0	0	0	11814	0
Kadın	2	6	0	0	0	1320	0
ClearileHaftanınGolü	2	6	0	0	0	929	0
çarşamba	2	10	0	0	0	17743	0
Maaßen	2	1800	0	0	0	2	0
Trabzonspor	2	52	0	0	0	1134	0
HiLeon	2	1	0	0	0	5070	0
FirstDates	2	2450	0	0	0	4	0
ReisÇünkü	2	8	0	0	0	2418	0
TeenChoice	2	1	0	0	0	7576	0
mersin	2	12	0	0	0	8260	0
PromiBB	2	1156	0	0	0	6	0
VakitTürkiyeVakti	2	5	0	0	0	2416	0
BaşkanErdoğan	2	4	0	0	0	3534	0
MTVLAFANARMYBTS	2	1	0	0	0	1934	0
Perşembe	2	10	0	0	0	2967	0
survivorekstra	2	5	0	0	0	5268	0
yks2018	2	10	0	0	0	20976	0
AzCen	2	1	0	0	0	2480	0
KORGER	2	851	0	0	0	24	0
Çarpışma	2	14	0	0	0	3062	0
HilMur	2	6	0	0	0	2391	0
México	2	0	0	1688	2	0	0
OT18Gala3	2	0	0	10450	18	0	0
MasterChef	1	0	0	4788	0	0	0
OT2018	2	0	0	2209	21	0	0
podcast	4	512	0	16530	35	0	19
ILPJusapol	2	0	0	2115	7	0	0
Barcelona	2	0	0	9902	7	0	0
MundialRusia2018	2	0	0	1922	4	0	0
Sevilla	2	0	0	7106	2	0	0
ecommerce	2	0	0	9815	5	0	0
GHDÚOEstreno	2	0	0	4665	2	0	0
Eurovision2018	2	0	0	2956	5	0	0
E32018	2	0	0	4789	1	0	0
eurovision	4	528	0	141657	87	0	2083
Extremadura	2	0	0	1764	1	0	0
UCL	2	0	0	2006	80	0	0
OT18GalaNavidad	2	0	0	2919	5	0	0
Eurovision	2	0	0	29461	29	0	0
Asturias	2	0	0	3376	1	0	0
OT18Gala12	2	0	0	6603	4	0	0
art	4	477	0	9990	51	0	86
FelizAñoNuevo	2	0	0	1838	2	0	0
viajar	2	0	0	9040	18	0	0
amor	2	0	0	8705	40	0	0
ChampionsLeague	2	0	0	2303	28	0	0
Affinitweet	2	0	0	3663	33	0	0
música	2	0	0	13386	38	0	0
Navidad	2	0	0	6670	4	0	0
marketing	2	0	0	46726	25	0	0
nv	2	0	0	30218	54	0	0
FIFA19	2	0	0	1552	36	0	0
Venezuela	2	0	0	5301	11	0	0
photography	2	0	0	12995	93	0	0
instagram	4	235	0	10493	40	0	148
realmadrid	2	0	0	16487	20	0	0
LlibertatPresosPolítics	1	0	0	1769	0	0	0
SomosLaAudiencia1N	2	0	0	2240	1	0	0
TCMS	2	0	0	1744	5	0	0
Insatiable	2	0	0	1699	3	0	0
OT18Gala6	2	0	0	6610	17	0	0
Facebook	2	0	0	2558	14	0	0
fotografia	2	0	0	5880	100	0	0
PS4	2	0	0	2892	4	0	0
MotoGP	2	0	0	1886	4	0	0
PS4share	2	0	0	13080	124	0	0
Murcia	2	0	0	3899	1	0	0
YaNoQuieroNa	2	0	0	1529	18	0	0
NV	2	0	0	2457	12	0	0
Messi	2	0	0	1445	116	0	0
TuitUtil	2	0	0	176291	3711	0	0
Madrid	2	0	0	14563	8	0	0
cultura	2	0	0	14597	30	0	0
MiAniversarioDeTwitter	1	0	0	0	8	0	0
online	2	0	0	11004	18	0	0
FRA	2	0	0	1614	8	0	0
MiVotoLCA	2	0	0	2164	2	0	0
GHDÚOGala3	2	0	0	3642	1	0	0
OTDirecto6OCT	2	0	0	3672	3	0	0
Warcraft	2	0	0	2128	2	0	0
GHDÚOLímite3	2	0	0	1739	2	0	0
OTConciertoBernabeu	2	0	0	9398	7	0	0
marketingdigital	2	0	0	12680	15	0	0
ESP	2	0	0	2635	5	0	0
EquiparacionYa	2	0	0	46426	90	0	0
sosprisiones	2	0	0	20964	3	0	0
deporte	2	0	0	4722	8	0	0
MarketingDigital	2	0	0	3106	1	0	0
music	2	0	0	7140	90	0	0
FelizMartes	2	0	0	8173	3	0	0
OT18Gala0	2	0	0	14238	43	0	0
NBA	2	0	0	2789	21	0	0
OTDirecto1NOV	2	0	0	2088	2	0	0
madrid	2	0	0	41696	48	0	0
EleccionesYa	2	0	0	2754	2	0	0
OTDirecto15OCT	2	0	0	1644	3	0	0
halamadrid	2	0	0	24500	32	0	0
ProhibidoRendirse	2	0	0	2102	9	0	0
sorteo	2	0	0	6932	10	0	0
Runtastic	2	0	0	2131	1	0	0
F1	2	0	0	5498	13	0	0
leonesp	2	0	0	10084	6	0	0
GHVIPDBT4	2	0	0	2267	1	0	0
noticias	2	0	0	10116	3	0	0
blog	2	0	0	10173	36	0	0
CuartoMilenio	2	0	0	9534	1	0	0
arte	2	0	0	12825	40	0	0
humor	2	0	0	7800	7	0	0
fashion	2	0	0	5598	52	0	0
GHVIPLímite3	2	0	0	2480	1	0	0
SevillaFC	2	0	0	5327	1	0	0
PokemonLetsGo	1	0	0	0	2	0	0
GoogleAlerts	2	0	0	2074	12	0	0
Alcorcón	1	0	0	1961	0	0	0
Málaga	2	0	0	4224	1	0	0
YoNoVoy	2	0	0	2097	3	0	0
Andalucía	2	0	0	4522	4	0	0
ciencia	2	0	0	6060	4	0	0
CRO	2	0	0	1819	19	0	0
red	2	0	0	5748	16	0	0
Amazon	2	0	0	3536	2	0	0
travel	2	0	0	8728	123	0	0
arquitectura	2	0	0	6212	6	0	0
GrupoB	0	0	0	0	0	0	0
Betis	1	0	0	3244	0	0	0
moda	2	0	0	6621	16	0	0
socialmedia	2	0	0	11272	75	0	0
HalaMadrid	1	0	0	0	8	0	0
GHVIPLímite1	1	0	0	1997	0	0	0
love	2	0	0	6321	72	0	0
lomásleído	2	0	0	5730	2	0	0
OT18Gala2	1	0	0	0	14	0	0
GHVIPGala4	1	0	0	3590	0	0	0
GHVIPLímite4	0	0	0	0	0	0	0
Rusia2018	1	0	0	0	15	0	0
FelizMiércoles	1	0	0	0	1	0	0
startups	2	0	0	4989	2	0	0
VisAVisEnFOX	1	0	0	4722	0	0	0
españa	2	0	0	46326	16	0	0
SemanaSanta	0	0	0	0	0	0	0
Galicia	1	0	0	0	5	0	0
CopaDelRey	1	0	0	0	3	0	0
Vigo	1	0	0	1525	0	0	0
LaLiga	0	0	0	0	0	0	0
MiVoto40	1	0	0	1555	0	0	0
RealMadrid	1	0	0	0	5	0	0
viajes	2	0	0	6531	12	0	0
Weathercloud	1	0	0	0	1	0	0
Marketing	1	0	0	0	5	0	0
FelizSabado	1	0	0	2534	0	0	0
tvtime	4	189	0	7928	171	0	522
Argentina	1	0	0	0	5	0	0
Fortnite	1	0	0	0	14	0	0
Instagram	1	0	0	2794	0	0	0
feedly	2	0	0	8786	30	0	0
VIPDirecto	1	0	0	2960	0	0	0
MiApuesta	0	0	0	0	0	0	0
VideoMTV18del18	1	0	0	0	53	0	0
FelizLunes	1	0	0	0	1	0	0
Oscars	1	0	0	2166	0	0	0
Libros	1	0	0	0	1	0	0
PS4live	0	0	0	0	0	0	0
ViaAl1	1	0	0	0	3	0	0
cine	2	0	0	8970	6	0	0
Europa	1	0	0	1690	0	0	0
LaResistencia	1	0	0	1771	0	0	0
EUROVISION	1	0	0	1779	0	0	0
Cádiz	1	0	0	0	2	0	0
45sindespidos	2	0	0	8302	3	0	0
Spain	1	0	0	0	1	0	0
Turismo	1	0	0	2420	0	0	0
Música	1	0	0	1873	0	0	0
Wallapop	1	0	0	1898	0	0	0
MCJunior	0	0	0	0	0	0	0
Burgos	1	0	0	2262	0	0	0
FactorX1	1	0	0	1784	0	0	0
summer	2	0	0	5604	51	0	0
Del40al1CocaCola	1	0	0	4013	0	0	0
Halloween	1	0	0	1658	0	0	0
BuenosDias	1	0	0	0	2	0	0
Cultura	1	0	0	0	3	0	0
NintendoSwitch	1	0	0	0	30	0	0
YTBattleRoyale	1	0	0	1661	0	0	0
España	1	0	0	0	5	0	0
RT	1	0	0	0	2	0	0
SVFinal2	1	0	0	3112	0	0	0
GHVIPLímite5	1	0	0	0	2	0	0
PNyGCnoSeRinden	1	0	0	1518	0	0	0
BuenasNoches	1	0	0	4075	0	0	0
Bilbao	0	0	0	0	0	0	0
OTDirecto20OCT	1	0	0	0	4	0	0
Google	1	0	0	1602	0	0	0
Zaragoza	1	0	0	0	1	0	0
valencia	2	0	0	4954	1	0	0
barcelona	2	0	0	44602	23	0	0
YouTube	1	0	0	0	8	0	0
verano	2	0	0	8470	3	0	0
OTDirecto22SEP	1	0	0	0	6	0	0
FF	1	0	0	2911	0	0	0
NuevaFotoDePerfil	1	0	0	0	3	0	0
GHDÚOGala5	1	0	0	1997	0	0	0
tecnología	2	0	0	5230	3	0	0
turismo	2	0	0	12138	23	0	0
OTDirecto30SEP	1	0	0	0	2	0	0
GHVIP15S	1	0	0	0	1	0	0
OTChat	0	0	0	0	0	0	0
aynıgemidedeğiliz	2	6	0	0	0	20504	0
elçinsangu	2	9	0	0	0	6216	0
soundcloud	5	1444	0	1233	461	4972	82
mtvbrkpopbts	4	8	0	3240	304	12984	0
sondaki̇ka	2	8	0	0	0	2673	0
idol	3	20	0	0	0	4280	384
ivotebtsbbmas	2	4	0	0	0	11016	0
öncemilletöncememleket	2	24	0	0	0	4656	0
iheartawards	5	65	0	14616	820	14382	751
esc2018	3	10523	0	0	0	52	50
safiyeincitutuklansın	2	12	0	0	0	4002	0
repost	4	216	0	13731	56	5800	0
merkel	3	8160	0	0	0	39	139
ulaştunaastepe	2	6	0	0	0	5952	0
army	4	8	0	4210	146	7923	0
galatasaray	2	248	0	0	0	7311	0
mtvbrkpopexo	2	4	0	0	0	4020	0
bts	5	172	0	5650	1112	54176	787
twitteryıldönümüm	2	12	0	0	0	10602	0
beşiktaşınmaçıvar	2	68	0	0	0	10566	0
nsu	3	4728	0	0	0	24	1
berlin	3	10588	0	0	0	104	86
protestoediyorum	2	3	0	0	0	3468	0
bestfanarmy	4	16	0	4252	220	12420	0
neftah	2	32	0	0	0	5751	0
29ekim1923	2	4	0	0	0	3468	0
gerswe	3	4265	0	0	0	93	327
alpnavruz	2	16	0	0	0	4011	0
fenerbahce	2	28	0	0	0	3483	0
premiosmtvmiaw	4	36	0	7936	348	42524	0
tearitupbts	3	32	0	0	0	15116	954
29ekim	2	9	0	0	0	4940	0
kcamexico	5	905	0	10509	134	3768	211
muhsinyazıcıoğlu	2	9	0	0	0	3632	0
dhdl	3	4775	0	0	0	15	2
yürüönümüzde	2	9	0	0	0	3896	0
konya	2	3	0	0	0	3492	0
twitter	5	9860	0	6138	28	456	107
börü	2	6	0	0	0	4008	0
halka	2	21	0	0	0	4760	0
23nisankutluolsun	2	8	0	0	0	3120	0
ufaktefekcinayetler	2	39	0	0	0	9264	0
euro2024	2	69	0	0	0	4084	0
yeniprofilresmi	2	8	0	0	0	9099	0
choiceinternationalartist	2	3	0	0	0	4872	0
bebekkatilipkk	2	12	0	0	0	3084	0
yağhaz	2	8	0	0	0	9453	0
seçim2018	2	136	0	0	0	11283	0
kcaargentina	2	6	0	0	0	4124	0
chemnitz	3	4670	0	0	0	9	44
seçkinözdemir	2	3	0	0	0	3412	0
siyahbeyazaşk	2	39	0	0	0	16404	0
ahmetkaya	2	6	0	0	0	4192	0
pantenealtınkelebek	2	20	0	0	0	3591	0
mustafakemalatatürk	2	9	0	0	0	3736	0
kazanacağız	2	12	0	0	0	4100	0
elimibırakma	2	4	0	0	0	5151	0
nakba70	2	24	0	0	0	3720	0
alikocbaskan	2	36	0	0	0	4383	0
sendepatile	2	3	0	0	0	7856	0
tektipaskerlik	2	6	0	0	0	6072	0
borankuzum	2	3	0	0	0	5316	0
seehofer	3	5828	0	0	0	12	18
tamzamanialikoc	2	28	0	0	0	4899	0
saldırgalatasaray	2	87	0	0	0	16136	0
beşiktaş	2	81	0	0	0	8300	0
8martdünyakadınlargünü	2	8	0	0	0	6249	0
türkiye	2	117	0	0	0	4676	0
30ağustos	2	6	0	0	0	3632	0
mutluyıllar	2	9	0	0	0	9572	0
15temmuz	2	24	0	0	0	3884	0
hemnefes	2	3	0	0	0	4064	0
korayşener	2	9	0	0	0	3988	0
afd	3	13385	0	0	0	12	18
hayırlıcumalar	2	48	0	0	0	12152	0
tatort	3	9068	0	0	0	9	8
kılıçdaroğlunesöyledi	2	24	0	0	0	3342	0
btsarmy	4	18	0	8004	800	34436	0
kpss	2	3	0	0	0	8652	0
birceakalay	2	4	0	0	0	5604	0
exo	4	12	0	11024	126	12444	0
wm2018	3	12782	0	0	0	63	63
mamavote	2	27	0	0	0	3780	0
asfer	2	4	0	0	0	7518	0
i̇zmir	2	12	0	0	0	5188	0
unutmayacağız	2	4	0	0	0	2769	0
avlu	2	24	0	0	0	3273	0
bumamabenden	2	72	0	0	0	45234	0
hamburg	3	5479	0	0	0	4	19
sondakika	2	924	0	0	0	2592	0
secim2018	2	21	0	0	0	3416	0
hayvanasiddetsuctur	2	3	0	0	0	5408	0
erkencikuş	2	27	0	0	0	4388	0
emeklilikteyaşatakılanlar	2	6	0	0	0	49892	0
maltepe	2	20	0	0	0	4143	0
10kasım	2	4	0	0	0	6921	0
worldcup	5	1052	0	4138	885	7968	3144
bvb	3	4293	0	0	0	32	47
trump	3	3870	0	0	0	516	224
newerawitherdogan	2	12	0	0	0	2631	0
dirilişertuğrul	2	20	0	0	0	2742	0
neşetertaş	2	24	0	0	0	3741	0
sonsayfa	2	39	0	0	0	6824	0
fenerinmaçıvar	2	44	0	0	0	11373	0
bugüngünlerdengalatasaray	2	88	0	0	0	10920	0
ger	3	6028	0	0	0	1136	185
ahbusevdaluk	2	8	0	0	0	2826	0
yunanistan	2	18	0	0	0	3428	0
donuyoruz	2	6	0	0	0	3880	0
pcas	2	9	0	0	0	6752	0
devam	2	255	0	0	0	3248	0
clearilehaftanıngolü	2	12	0	0	0	2787	0
maaßen	3	4500	0	0	0	6	4
trabzonspor	2	104	0	0	0	3402	0
hileon	2	3	0	0	0	10140	0
firstdates	3	6125	0	0	0	12	37
reisçünkü	2	24	0	0	0	4836	0
teenchoice	2	3	0	0	0	15152	0
promibb	3	4624	0	0	0	12	4
vakittürkiyevakti	2	15	0	0	0	4832	0
başkanerdoğan	2	12	0	0	0	7068	0
mtvlafanarmybts	2	3	0	0	0	3868	0
perşembe	2	20	0	0	0	8901	0
azcen	2	3	0	0	0	4960	0
korger	3	3404	0	0	0	48	230
méxico	2	0	0	3376	6	0	0
ot18gala3	2	0	0	31350	36	0	0
masterchef	2	0	0	14364	1	0	0
ot2018	2	0	0	4418	63	0	0
ilpjusapol	2	0	0	6345	14	0	0
mundialrusia2018	2	0	0	5766	8	0	0
sevilla	2	0	0	21318	4	0	0
ghdúoestreno	2	0	0	13995	3	0	0
eurovision2018	2	0	0	8868	10	0	0
e32018	4	440	0	9578	3	0	357
extremadura	2	0	0	5292	2	0	0
ucl	4	139	0	4012	240	0	475
ot18galanavidad	2	0	0	8757	10	0	0
asturias	2	0	0	6752	3	0	0
ot18gala12	2	0	0	13206	12	0	0
felizañonuevo	2	0	0	5514	3	0	0
championsleague	2	0	0	6909	42	0	0
affinitweet	4	11	0	10989	66	0	722
navidad	2	0	0	10005	12	0	0
fifa19	2	0	0	4656	54	0	0
venezuela	2	0	0	15903	22	0	0
llibertatpresospolítics	2	0	0	5307	1	0	0
somoslaaudiencia1n	2	0	0	6720	2	0	0
tcms	2	0	0	5232	10	0	0
insatiable	2	0	0	5097	6	0	0
ot18gala6	2	0	0	19830	34	0	0
facebook	4	531	0	7674	21	0	196
ps4	4	407	0	8676	6	0	93
motogp	2	0	0	3772	12	0	0
ps4share	4	376	0	39240	186	0	446
murcia	2	0	0	11697	2	0	0
yanoquierona	2	0	0	4587	36	0	0
messi	2	0	0	4335	174	0	0
tuitutil	2	0	0	464858	7422	0	0
mianiversariodetwitter	2	0	0	6659	16	0	0
fra	4	129	0	3228	12	0	278
mivotolca	2	0	0	4328	4	0	0
ghdúogala3	2	0	0	7284	2	0	0
otdirecto6oct	2	0	0	5508	6	0	0
warcraft	2	0	0	4256	4	0	0
ghdúolímite3	2	0	0	3478	4	0	0
otconciertobernabeu	2	0	0	14097	14	0	0
esp	2	0	0	5270	10	0	0
equiparacionya	2	0	0	69639	180	0	0
felizmartes	2	0	0	16346	6	0	0
ot18gala0	2	0	0	28476	86	0	0
nba	2	0	0	5578	42	0	0
otdirecto1nov	2	0	0	4176	4	0	0
eleccionesya	2	0	0	5508	3	0	0
otdirecto15oct	2	0	0	3288	6	0	0
prohibidorendirse	2	0	0	4204	18	0	0
runtastic	4	399	0	4262	2	0	42
f1	4	189	0	10996	26	0	531
ghvipdbt4	2	0	0	4534	2	0	0
cuartomilenio	2	0	0	19068	2	0	0
ghviplímite3	2	0	0	4960	2	0	0
sevillafc	2	0	0	10654	2	0	0
pokemonletsgo	2	0	0	1627	4	0	0
googlealerts	2	0	0	4148	24	0	0
alcorcón	2	0	0	3922	1	0	0
málaga	2	0	0	8448	2	0	0
yonovoy	2	0	0	4194	6	0	0
andalucía	2	0	0	9044	8	0	0
cro	4	71	0	3638	38	0	466
amazon	2	0	0	7072	4	0	0
grupob	2	0	0	2181	3	0	0
betis	2	0	0	6488	1	0	0
ghviplímite1	2	0	0	3994	1	0	0
ot18gala2	2	0	0	10385	28	0	0
ghvipgala4	2	0	0	7180	1	0	0
ghviplímite4	2	0	0	2648	2	0	0
rusia2018	2	0	0	12833	30	0	0
felizmiércoles	2	0	0	4429	2	0	0
visavisenfox	2	0	0	9444	4	0	0
semanasanta	2	0	0	1612	1	0	0
galicia	2	0	0	3695	10	0	0
copadelrey	2	0	0	2401	6	0	0
vigo	2	0	0	3050	10	0	0
laliga	2	0	0	3840	7	0	0
mivoto40	2	0	0	3110	2	0	0
weathercloud	2	0	0	20983	2	0	0
felizsabado	2	0	0	5068	2	0	0
argentina	2	0	0	1907	10	0	0
fortnite	2	0	0	3641	28	0	0
vipdirecto	2	0	0	5920	1	0	0
miapuesta	2	0	0	2163	1	0	0
videomtv18del18	2	0	0	1658	106	0	0
felizlunes	2	0	0	9699	2	0	0
oscars	2	0	0	4332	82	0	0
libros	2	0	0	1876	2	0	0
ps4live	2	0	0	10270	99	0	0
viaal1	2	0	0	5546	6	0	0
europa	2	0	0	3380	3	0	0
laresistencia	2	0	0	3542	2	0	0
cádiz	2	0	0	1567	4	0	0
spain	2	0	0	2759	2	0	0
wallapop	2	0	0	3796	1	0	0
mcjunior	2	0	0	1611	1	0	0
burgos	2	0	0	4524	1	0	0
factorx1	2	0	0	3568	2	0	0
del40al1cocacola	2	0	0	8026	7	0	0
halloween	2	0	0	3316	18	0	0
buenosdias	2	0	0	4719	4	0	0
nintendoswitch	4	425	0	9937	60	0	134
ytbattleroyale	2	0	0	3322	2	0	0
rt	4	91	0	1986	4	0	4563
svfinal2	2	0	0	6224	1	0	0
ghviplímite5	2	0	0	2648	4	0	0
pnygcnoserinden	2	0	0	3036	1	0	0
buenasnoches	2	0	0	8150	2	0	0
bilbao	2	0	0	2013	2	0	0
otdirecto20oct	2	0	0	1722	8	0	0
google	2	0	0	3204	5	0	0
zaragoza	2	0	0	3288	2	0	0
youtube	2	0	0	2521	16	0	0
otdirecto22sep	2	0	0	2950	12	0	0
nuevafotodeperfil	2	0	0	2648	6	0	0
ghdúogala5	2	0	0	3994	1	0	0
otdirecto30sep	2	0	0	1579	4	0	0
ghvip15s	2	0	0	2217	2	0	0
otchat	2	0	0	6770	6	0	0
pol	1	24	0	0	0	0	0
cop24	1	40	0	0	0	0	0
quran	1	321	0	0	0	0	0
saveshadowhunters	1	19	0	0	0	0	0
harrypotter	2	83	0	0	0	0	489
eurowizja	1	1	0	0	0	0	0
видео	1	2	0	0	0	0	0
spd	2	2267	0	0	0	0	28
tweetme	1	17	0	0	0	0	0
gntm	1	464	0	0	0	0	0
fivbmenswch	1	2	0	0	0	0	0
egzaminzawodowy	1	1	0	0	0	0	0
pad	1	2	0	0	0	0	0
fakenews	2	1825	0	0	0	0	322
история	1	1	0	0	0	0	0
bremen	1	724	0	0	0	0	0
news	2	918	0	0	0	0	603
xfactor	2	35	0	0	0	0	594
poresp	1	179	0	0	0	0	0
thevoiceofpoland	1	2	0	0	0	0	0
riverdale	1	89	0	0	0	0	0
stuttgart	1	793	0	0	0	0	0
dortmund	1	583	0	0	0	0	0
wattpad	1	11	0	0	0	0	0
wrocław	1	2	0	0	0	0	0
mojadziewczyna	1	1	0	0	0	0	0
hannover	1	643	0	0	0	0	0
tanieczgwiazdami	1	2	0	0	0	0	0
bochum	1	370	0	0	0	0	0
bundesliga	1	368	0	0	0	0	0
fitsierpien	1	1	0	0	0	0	0
hsv	1	812	0	0	0	0	0
ue	1	4	0	0	0	0	0
matura2019	1	1	0	0	0	0	0
skijumping	1	3	0	0	0	0	0
leipzig	1	597	0	0	0	0	0
digitalisierung	1	750	0	0	0	0	0
skijumpingfamily	1	11	0	0	0	0	0
fcn	2	1101	0	0	0	0	2
köln	1	452	0	0	0	0	0
fitlistopad	1	1	0	0	0	0	0
dfbpokal	1	382	0	0	0	0	0
dfb	1	711	0	0	0	0	0
inmyblood	1	2	0	0	0	0	0
minęła20	1	1	0	0	0	0	0
usa	1	377	0	0	0	0	0
dividetourwarsaw	1	1	0	0	0	0	0
vfb	1	943	0	0	0	0	0
mjakmilosc	1	1	0	0	0	0	0
новости	1	182	0	0	0	0	0
woronicza17	1	2	0	0	0	0	0
rus	1	17	0	0	0	0	0
münchen	1	438	0	0	0	0	0
dsds	1	601	0	0	0	0	0
amerykaexpress	1	2	0	0	0	0	0
top	1	561	0	0	0	0	0
wetter	1	4082	0	0	0	0	0
thevoicekids	2	15	0	0	0	0	4677
polizei	1	462	0	0	0	0	0
groko	1	433	0	0	0	0	0
brexit	1	494	0	0	0	0	0
hambacherforst	1	518	0	0	0	0	0
croeng	1	214	0	0	0	0	0
lanz	1	497	0	0	0	0	0
katowice	1	14	0	0	0	0	0
putin	1	520	0	0	0	0	0
titanic	1	30	0	0	0	0	0
bachelor	1	660	0	0	0	0	0
grammys	1	9	0	0	0	0	0
adamowicz	1	1	0	0	0	0	0
polsen	1	41	0	0	0	0	0
agentgwiazdy	1	1	0	0	0	0	0
merz	1	372	0	0	0	0	0
effzeh	1	719	0	0	0	0	0
s04	1	727	0	0	0	0	0
polita	1	1	0	0	0	0	0
wirsindmehr	1	439	0	0	0	0	0
essen	1	388	0	0	0	0	0
sluchamymyblood	1	1	0	0	0	0	0
onedirectionbestfans	1	15	0	0	0	0	0
bundestag	1	455	0	0	0	0	0
dsgvo	1	682	0	0	0	0	0
fracro	1	492	0	0	0	0	0
topmodel	1	9	0	0	0	0	0
rannfl	1	506	0	0	0	0	0
gronkhtv	1	410	0	0	0	0	0
csu	1	950	0	0	0	0	0
erdogan	1	390	0	0	0	0	0
ﷺ	1	548	0	0	0	0	0
mojetwitteroweurodziny	1	1	0	0	0	0	0
ruscro	1	177	0	0	0	0	0
noafd	1	396	0	0	0	0	0
frabel	1	198	0	0	0	0	0
dresden	1	752	0	0	0	0	0
mojcrush	1	7	0	0	0	0	0
frankfurt	1	668	0	0	0	0	0
netflix	1	274	0	0	0	0	0
job	1	526	0	0	0	0	0
nürnberg	1	424	0	0	0	0	0
mtvemabiggestfansshawn	1	1	0	0	0	0	0
brabel	1	236	0	0	0	0	0
f1pl	1	2	0	0	0	0	0
detektivconan	1	478	0	0	0	0	0
argcro	1	167	0	0	0	0	0
fpl	1	5	0	0	0	0	0
pis	1	1	0	0	0	0	0
tweetmekurwa	1	1	0	0	0	0	0
mastercardgrazwośp	1	3	0	0	0	0	0
acta2	1	1	0	0	0	0	0
mastercardgrazwosp	1	1	0	0	0	0	0
kaczyński	1	1	0	0	0	0	0
mundial2018	1	1	0	0	0	0	0
bonn	1	609	0	0	0	0	0
polska	1	2	0	0	0	0	0
cdu	1	1035	0	0	0	0	0
mtvhottest	1	20	0	0	0	0	0
bayern	1	493	0	0	0	0	0
özil	1	434	0	0	0	0	0
eu	1	528	0	0	0	0	0
россия	1	2	0	0	0	0	0
shawnmendesthetourkrakow	1	1	0	0	0	0	0
5sosbestfans	1	1	0	0	0	0	0
polcol	1	66	0	0	0	0	0
fcsp	1	410	0	0	0	0	0
elevenf1	1	1	0	0	0	0	0
latenightberlin	1	481	0	0	0	0	0
8yearsofonedirection	1	1	0	0	0	0	0
deutschland	1	710	0	0	0	0	0
youngblood	1	3	0	0	0	0	0
polbra	1	1	0	0	0	0	0
germex	1	717	0	0	0	0	0
